"","X0.","X25.","X50.","X75.","X100.","order_size","MarketCenter"
"100-499",-1,0.104941619125339,0.18917735171417,0.367393719865154,5,"100-499","TCDRG202212.txt"
