"","X0.","X25.","X50.","X75.","X100.","order_size","MarketCenter"
"100-499",-121.337258687259,0.474741655647478,0.579723672899991,1.09339100307176,1137.09,"100-499","TCDRG202212.txt"
